{
  "project_info": {
    "project_number": "486010686142",
    "project_id": "astronomyapp-f035d",
    "storage_bucket": "astronomyapp-f035d.appspot.com"
  },
  "client": [
    {
      "client_info": {
        "mobilesdk_app_id": "1:486010686142:android:0a028f113a8debdcc5ecef",
        "android_client_info": {
          "package_name": "com.example.projectastronomyapp"
        }
      },
      "oauth_client": [
        {
          "client_id": "486010686142-9kuitajc5dhrfi7h6513gv66ct4erqh4.apps.googleusercontent.com",
          "client_type": 1,
          "android_info": {
            "package_name": "com.example.projectastronomyapp",
            "certificate_hash": "6f9d14a70a02d8b8430fadc026109bbd1f979950"
          }
        },
        {
          "client_id": "486010686142-hoqduflma9lmco9e4tdvhen1dv0bge50.apps.googleusercontent.com",
          "client_type": 3
        }
      ],
      "api_key": [
        {
          "current_key": "AIzaSyCpHLHp1ReyjGX5RvloNN10OFchL-RRr9k"
        }
      ],
      "services": {
        "appinvite_service": {
          "other_platform_oauth_client": [
            {
              "client_id": "486010686142-hoqduflma9lmco9e4tdvhen1dv0bge50.apps.googleusercontent.com",
              "client_type": 3
            }
          ]
        }
      }
    }
  ],
  "configuration_version": "1"
}